dataset,method_tag,subsample_method,multiplicity_cap,partition_size_target,K,num_train_subgraphs,num_gen_subgraphs,avg_nodes,avg_edges,avg_density,train_seconds,gen_seconds,peak_vram_mb,status,failure_phase,error_msg,extrap_K_at_50ep,extrap_K_at_300ep
tolokers,metis_K24,metis,m1,500,24,5,1,483.0,5537.0,0.04579473392000762,6.540598283987492,19.56208202301059,6120.646484375,ok,,,110,36
tolokers,ff_b0.5_M2_size500,forest_fire,m2,500,5,5,1,500.0,18264.0,0.14640480961923846,9.96700228296686,81.97134210402146,9722.0791015625,ok,,,35,17
tolokers,metis_K8,metis,m1,1500,8,5,1,1315.8,47049.6,0.04664189981589184,23.989366083056666,92.70508979202714,52971.962890625,ok,,,25,9
tolokers,ff_b0.5_M2_size1500,forest_fire,m2,1500,5,5,1,1500.0,69178.2,0.061532755170113404,32.23185538104735,363.48224926996045,49722.4931640625,ok,,,8,4
tolokers,metis_K3,metis,m1,4000,3,3,,3814.0,141558.66666666666,0.01923332723302944,2.6979142170166597,,80111.2255859375,oom_training,training,"Traceback (most recent call last):   File ""/cluster/home/eirimhau/SynGraphBench/bigg/bigg/extension/pipeline.py"", line 647, in main     ll, _ = model.forward_train([gid], node_feats=sub_nd, label_mask=sub_lm)   File ""/cluster/home/eirimhau/SynGraphBench/bigg/bigg/model/tree_model.py"", line 724, in forward_train     topdown_state = self.cell_topright(right_update, topdown_state, lv)   File ""/cluster/home/eirimhau/SynGraphBench/bigg/bigg/model/tree_model.py"", line 410, in cell_topright     return ",,
tolokers,ff_b0.5_M2_size4000,forest_fire,m2,4000,5,4,,4000.0,164717.75,0.020594867466866715,3.11233087698929,,80111.0224609375,oom_training,training,"modules/module.py"", line 1553, in _wrapped_call_impl     return self._call_impl(*args, **kwargs)   File ""/cluster/home/eirimhau/.conda/envs/bigg/lib/python3.9/site-packages/torch/nn/modules/module.py"", line 1562, in _call_impl     return forward_call(*args, **kwargs)   File ""/cluster/home/eirimhau/SynGraphBench/bigg/bigg/common/pytorch_util.py"", line 147, in forward     x = self.main(z)   File ""/cluster/home/eirimhau/.conda/envs/bigg/lib/python3.9/site-packages/torch/nn/modules/module.py"", line ",,
tolokers,metis_K2,metis,,10000,,,,,,,,,,skipped_after_oom,,,,
tolokers,ff_b0.5_M2_size10000,forest_fire,,10000,,,,,,,,,,skipped_after_oom,,,,
reddit,metis_K22,metis,m1,500,22,5,1,492.8,1196.6,0.009519620631924021,4.61535176995676,4.685194858000614,1404.36962890625,ok,,,258,59
reddit,ff_b0.5_M2_size500,forest_fire,m2,500,5,5,1,500.0,2037.2,0.016330260521042087,5.3468473250977695,16.1120165589964,1994.56689453125,ok,,,134,44
reddit,metis_K8,metis,m1,1500,8,5,1,1322.6,6593.6,0.007208249666129091,7.836948184994981,16.452779463957995,7750.4599609375,ok,,,112,32
reddit,ff_b0.5_M2_size1500,forest_fire,m2,1500,5,4,1,1500.0,9130.75,0.008121636646653324,8.591074825031683,102.26632731896825,8680.78955078125,ok,,,29,15
reddit,metis_K3,metis,m1,4000,3,3,1,3083.6666666666665,19311.0,0.0032994184625406695,10.084943822934292,38.84575663099531,25682.36962890625,ok,,,49,14
reddit,ff_b0.5_M2_size4000,forest_fire,m2,4000,5,3,1,4000.0,28706.0,0.003589147286821706,16.610077398945577,202.84635122003965,36077.140625,ok,,,13,6
reddit,metis_K2,metis,m1,10000,2,2,1,4976.5,33502.0,0.002433833806811025,11.395343646989204,279.2639062110102,40550.23876953125,ok,,,10,5
reddit,ff_b0.5_M2_size10000,forest_fire,,10000,,,,,,,,,,skipped_oversized,,,,
weibo,metis_K17,metis,m1,500,17,5,1,505.6,16171.6,0.1276525480562597,8.163375536096282,122.44199939398095,8726.43359375,ok,,,25,16
weibo,ff_b0.5_M2_size500,forest_fire,m2,500,5,5,1,500.0,10696.4,0.08574268537074148,7.324959318968467,36.711242327000946,6177.14404296875,ok,,,70,28
weibo,metis_K6,metis,m1,1500,6,5,1,1395.6,45274.8,0.04655077158469782,25.33779289398808,235.7692001099931,30990.52294921875,ok,,,12,6
weibo,ff_b0.5_M2_size1500,forest_fire,m2,1500,5,5,1,1500.0,43059.6,0.03830073382254836,22.175342908944003,175.1837120000273,33434.9931640625,ok,,,16,8
weibo,metis_K3,metis,m1,4000,3,3,1,2800.0,102484.0,0.026145835932144548,35.053959444048814,264.2188970829593,70521.96435546875,ok,,,9,3
weibo,ff_b0.5_M2_size4000,forest_fire,,4000,,,,,,,,,,skipped_oversized,,,,
weibo,metis_size10000,metis,,10000,,,,,,,,,,skipped_oversized,,,,
weibo,ff_b0.5_M2_size10000,forest_fire,,10000,,,,,,,,,,skipped_oversized,,,,
questions,metis_K98,metis,m1,500,98,5,1,488.6,561.0,0.0047072762827120185,4.410433111013845,6.944378126994707,1015.3642578125,ok,,,228,60
questions,ff_b0.5_M2_size500,forest_fire,m2,500,5,5,1,500.0,1732.6,0.013888577154308617,4.974209354026243,12.824151722947136,2754.1328125,ok,,,158,49
questions,metis_K33,metis,m1,1500,33,5,1,1456.6,2154.2,0.002039475520631894,6.545399770955555,28.478949118056335,3125.90673828125,ok,,,86,33
questions,ff_b0.5_M2_size1500,forest_fire,m2,1500,5,4,1,1500.0,8553.25,0.007607960862797421,8.402489443076774,55.729637315962464,9871.4326171875,ok,,,46,19
questions,metis_K13,metis,m1,4000,13,5,1,3566.2,5001.2,0.0007776832039772588,10.73195974493865,62.21866122900974,9578.41943359375,ok,,,43,18
questions,ff_b0.5_M2_size4000,forest_fire,m2,4000,5,5,1,4000.0,18041.4,0.0022557389347336834,21.050404165987857,151.27196170098614,33146.8037109375,ok,,,18,8
questions,metis_K5,metis,m1,10000,5,5,1,8817.8,20558.8,0.000492121044285043,29.490728691103868,470.2237840399612,50720.41650390625,ok,,,6,4
questions,ff_b0.5_M2_size10000,forest_fire,m2,10000,5,4,,7502.0,39863.0,0.06329730473047304,5.672866389970295,,79210.73876953125,oom_training,training,"-packages/torch/nn/modules/module.py"", line 1562, in _call_impl     return forward_call(*args, **kwargs)   File ""/cluster/home/eirimhau/SynGraphBench/bigg/bigg/common/pytorch_util.py"", line 147, in forward     x = self.main(z)   File ""/cluster/home/eirimhau/.conda/envs/bigg/lib/python3.9/site-packages/torch/nn/modules/module.py"", line 1553, in _wrapped_call_impl     return self._call_impl(*args, **kwargs)   File ""/cluster/home/eirimhau/.conda/envs/bigg/lib/python3.9/site-packages/torch/nn/module",,
amazon,metis_K24,metis,m1,500,24,5,1,494.4,30065.2,0.2386094211562785,10.31389314297121,92.28027660108637,15389.0478515625,ok,,,31,16
amazon,ff_b0.5_M2_size500,forest_fire,m2,500,5,5,1,500.0,46014.6,0.36885450901803607,12.940923332003877,126.01645628199913,13890.3447265625,ok,,,23,12
amazon,metis_K8,metis,m1,1500,8,5,,1490.0,165212.6,0.14870866930173005,5.776256544981152,,78383.84228515625,oom_training,training,"packages/torch/nn/modules/module.py"", line 1562, in _call_impl     return forward_call(*args, **kwargs)   File ""/cluster/home/eirimhau/SynGraphBench/bigg/bigg/common/pytorch_util.py"", line 147, in forward     x = self.main(z)   File ""/cluster/home/eirimhau/.conda/envs/bigg/lib/python3.9/site-packages/torch/nn/modules/module.py"", line 1553, in _wrapped_call_impl     return self._call_impl(*args, **kwargs)   File ""/cluster/home/eirimhau/.conda/envs/bigg/lib/python3.9/site-packages/torch/nn/modules",,
amazon,ff_b0.5_M2_size1500,forest_fire,m2,1500,5,5,,1500.0,268390.4,0.23872839670891705,2.3325768740614876,,80132.15771484375,oom_training,training,"Traceback (most recent call last):   File ""/cluster/home/eirimhau/SynGraphBench/bigg/bigg/extension/pipeline.py"", line 647, in main     ll, _ = model.forward_train([gid], node_feats=sub_nd, label_mask=sub_lm)   File ""/cluster/home/eirimhau/SynGraphBench/bigg/bigg/model/tree_model.py"", line 724, in forward_train     topdown_state = self.cell_topright(right_update, topdown_state, lv)   File ""/cluster/home/eirimhau/SynGraphBench/bigg/bigg/model/tree_model.py"", line 410, in cell_topright     return ",,
amazon,metis_K3,metis,,4000,,,,,,,,,,skipped_after_oom,,,,
amazon,ff_b0.5_M2_size4000,forest_fire,,4000,,,,,,,,,,skipped_after_oom,,,,
amazon,metis_K2,metis,,10000,,,,,,,,,,skipped_after_oom,,,,
amazon,ff_b0.5_M2_size10000,forest_fire,,10000,,,,,,,,,,skipped_after_oom,,,,
yelp,metis_K92,metis,m1,500,92,5,1,456.2,40511.4,0.3764117081431063,13.476043323986232,133.11755272804294,14891.59716796875,ok,,,22,12
yelp,ff_b0.5_M2_size500,forest_fire,m2,500,5,5,1,500.0,46257.6,0.37080240480961923,12.042710182955489,34.93908384896349,12040.46728515625,ok,,,60,20
yelp,metis_K31,metis,m1,1500,31,5,1,1494.2,105580.4,0.09545778603396096,40.227271681069396,726.6539269350469,48573.7294921875,ok,,,4,2
yelp,ff_b0.5_M2_size1500,forest_fire,m2,1500,5,5,1,1500.0,119574.0,0.10635890593729151,29.127740951022133,307.95650232804473,31678.49658203125,ok,,,9,5
yelp,metis_K12,metis,m1,4000,12,5,,3878.0,307632.0,0.04091601098364124,2.559098850004375,,79840.55126953125,oom_training,training,"Traceback (most recent call last):   File ""/cluster/home/eirimhau/SynGraphBench/bigg/bigg/extension/pipeline.py"", line 647, in main     ll, _ = model.forward_train([gid], node_feats=sub_nd, label_mask=sub_lm)   File ""/cluster/home/eirimhau/SynGraphBench/bigg/bigg/model/tree_model.py"", line 724, in forward_train     topdown_state = self.cell_topright(right_update, topdown_state, lv)   File ""/cluster/home/eirimhau/SynGraphBench/bigg/bigg/model/tree_model.py"", line 410, in cell_topright     return ",,
yelp,ff_b0.5_M2_size4000,forest_fire,m2,4000,5,5,,4000.0,355344.4,0.04442915728932233,10.646171996020712,,79813.99365234375,oom_training,training,"ackages/torch/nn/modules/module.py"", line 1562, in _call_impl     return forward_call(*args, **kwargs)   File ""/cluster/home/eirimhau/SynGraphBench/bigg/bigg/common/pytorch_util.py"", line 147, in forward     x = self.main(z)   File ""/cluster/home/eirimhau/.conda/envs/bigg/lib/python3.9/site-packages/torch/nn/modules/module.py"", line 1553, in _wrapped_call_impl     return self._call_impl(*args, **kwargs)   File ""/cluster/home/eirimhau/.conda/envs/bigg/lib/python3.9/site-packages/torch/nn/modules/",,
yelp,metis_K5,metis,,10000,,,,,,,,,,skipped_after_oom,,,,
yelp,ff_b0.5_M2_size10000,forest_fire,,10000,,,,,,,,,,skipped_after_oom,,,,
tfinance,ff_b0.5_M2_size500,forest_fire,m2,500,5,5,1,500.0,84684.6,0.6788344689378757,24.80345661600586,176.66679182398366,17479.3193359375,ok,,,15,7
tfinance,ff_b0.3_M2_size500,forest_fire,m2,500,5,5,1,500.0,39572.2,0.31721202404809623,12.258937731035985,59.3505199830397,14521.359375,ok,,,42,17
tfinance,ff_b0.5_M2_size1500,forest_fire,m2,1500,5,5,,1500.0,756002.2,0.6724502557260396,3.4235882079810835,,80334.93701171875,oom_training,training,"Traceback (most recent call last):   File ""/cluster/home/eirimhau/SynGraphBench/bigg/bigg/extension/pipeline.py"", line 647, in main     ll, _ = model.forward_train([gid], node_feats=sub_nd, label_mask=sub_lm)   File ""/cluster/home/eirimhau/SynGraphBench/bigg/bigg/model/tree_model.py"", line 730, in forward_train     new_s = multi_index_select([lr_ids[0], lr_ids[2]], [lr_ids[1], lr_ids[3]],   File ""/cluster/home/eirimhau/.conda/envs/bigg/lib/python3.9/site-packages/torch/nn/modules/module.py"", lin",,
tfinance,ff_b0.3_M2_size1500,forest_fire,m2,1500,5,5,,1500.0,670441.0,0.596345118968201,3.577264888037462,,80177.93310546875,oom_training,training,"Traceback (most recent call last):   File ""/cluster/home/eirimhau/SynGraphBench/bigg/bigg/extension/pipeline.py"", line 647, in main     ll, _ = model.forward_train([gid], node_feats=sub_nd, label_mask=sub_lm)   File ""/cluster/home/eirimhau/SynGraphBench/bigg/bigg/model/tree_model.py"", line 724, in forward_train     topdown_state = self.cell_topright(right_update, topdown_state, lv)   File ""/cluster/home/eirimhau/SynGraphBench/bigg/bigg/model/tree_model.py"", line 410, in cell_topright     return ",,
tfinance,ff_b0.5_M2_size4000,forest_fire,,4000,,,,,,,,,,skipped_after_oom,,,,
tfinance,ff_b0.3_M2_size4000,forest_fire,,4000,,,,,,,,,,skipped_after_oom,,,,
tfinance,ff_b0.5_M2_size10000,forest_fire,,10000,,,,,,,,,,skipped_after_oom,,,,
tfinance,ff_b0.3_M2_size10000,forest_fire,,10000,,,,,,,,,,skipped_after_oom,,,,
tsocial,ff_b0.5_M2_size500,forest_fire,m2,500,5,5,1,500.0,1649.2,0.013220040080160322,5.200392620987259,14.98317468300229,2027.2861328125,ok,,,141,46
tsocial,ff_b0.3_M2_size500,forest_fire,m2,500,5,5,1,500.0,4108.8,0.03293627254509018,6.25290381803643,22.377566714014392,6241.1181640625,ok,,,103,36
tsocial,ff_b0.5_M2_size1500,forest_fire,m2,1500,5,5,1,1265.4,3534.8,0.010614591480341126,7.305704100988805,49.534448136982974,5890.6396484375,ok,,,56,26
tsocial,ff_b0.3_M2_size1500,forest_fire,m2,1500,5,5,1,1420.0,8684.8,0.009437769159734122,9.22532880702056,76.24912610900356,7846.15966796875,ok,,,38,19
tsocial,ff_b0.5_M2_size4000,forest_fire,m2,4000,5,5,1,4000.0,25151.6,0.003144736184046011,24.870075693994295,155.25520218303427,27249.2802734375,ok,,,17,7
tsocial,ff_b0.3_M2_size4000,forest_fire,m2,4000,5,5,1,3200.8,18933.6,0.1690338334583646,21.34439194301376,260.65386446897173,28980.8828125,ok,,,11,6
tsocial,ff_b0.5_M2_size10000,forest_fire,m2,10000,5,5,,10000.0,112013.6,0.0022404960496049606,3.561215673049446,,80135.85400390625,oom_training,training,"Traceback (most recent call last):   File ""/cluster/home/eirimhau/SynGraphBench/bigg/bigg/extension/pipeline.py"", line 647, in main     ll, _ = model.forward_train([gid], node_feats=sub_nd, label_mask=sub_lm)   File ""/cluster/home/eirimhau/SynGraphBench/bigg/bigg/model/tree_model.py"", line 694, in forward_train     left_update = self.topdown_left_embed[has_left] + self.tree_pos_enc(num_left) torch.OutOfMemoryError: CUDA out of memory. Tried to allocate 98.00 MiB. GPU 0 has a total capacity of 79",,
tsocial,ff_b0.3_M2_size10000,forest_fire,m2,10000,5,5,,10000.0,97577.6,0.001951747174717472,2.890529055031948,,79905.0390625,oom_training,training,"Traceback (most recent call last):   File ""/cluster/home/eirimhau/SynGraphBench/bigg/bigg/extension/pipeline.py"", line 647, in main     ll, _ = model.forward_train([gid], node_feats=sub_nd, label_mask=sub_lm)   File ""/cluster/home/eirimhau/SynGraphBench/bigg/bigg/model/tree_model.py"", line 698, in forward_train     cur_states = self.cell_topdown(left_update, cur_states, lv)   File ""/cluster/home/eirimhau/SynGraphBench/bigg/bigg/model/tree_model.py"", line 406, in cell_topdown     return cell(x, y",,
